country,country_code,year,gender_inequality_index
Afghanistan,AFG,2015,0.683
Afghanistan,AFG,2016,0.682
Afghanistan,AFG,2017,0.679
Afghanistan,AFG,2018,0.677
Afghanistan,AFG,2019,0.676
Afghanistan,AFG,2020,0.674
Afghanistan,AFG,2021,0.642
Afghanistan,AFG,2022,0.665
Afghanistan,AFG,2023,0.661
Africa,OWID_AFR,2017,0.50739926
Africa,OWID_AFR,2018,0.51399535
Africa,OWID_AFR,2019,0.5203938
Africa,OWID_AFR,2020,0.5138675
Africa,OWID_AFR,2021,0.52461094
Africa,OWID_AFR,2022,0.5310285
Africa,OWID_AFR,2023,0.5304496
Albania,ALB,2015,0.179
Albania,ALB,2016,0.162
Albania,ALB,2017,0.145
Albania,ALB,2018,0.138
Albania,ALB,2019,0.131
Albania,ALB,2020,0.125
Albania,ALB,2021,0.109
Albania,ALB,2022,0.107
Albania,ALB,2023,0.107
Algeria,DZA,2015,0.397
Algeria,DZA,2016,0.392
Algeria,DZA,2017,0.397
Algeria,DZA,2018,0.383
Algeria,DZA,2019,0.385
Algeria,DZA,2020,0.383
Algeria,DZA,2021,0.442
Algeria,DZA,2022,0.443
Algeria,DZA,2023,0.443
Angola,AGO,2015,0.549
Angola,AGO,2016,0.544
Angola,AGO,2017,0.547
Angola,AGO,2018,0.539
Angola,AGO,2019,0.536
Angola,AGO,2020,0.533
Angola,AGO,2021,0.532
Angola,AGO,2022,0.524
Angola,AGO,2023,0.515
Antigua and Barbuda,ATG,2021,0.225
Antigua and Barbuda,ATG,2022,0.224
Antigua and Barbuda,ATG,2023,0.24
Arab States (UNDP),,2015,0.548
Arab States (UNDP),,2016,0.537
Arab States (UNDP),,2017,0.537
Arab States (UNDP),,2018,0.539
Arab States (UNDP),,2019,0.541
Arab States (UNDP),,2020,0.537
Arab States (UNDP),,2021,0.537
Arab States (UNDP),,2022,0.537
Arab States (UNDP),,2023,0.539
Argentina,ARG,2015,0.338
Argentina,ARG,2016,0.333
Argentina,ARG,2017,0.321
Argentina,ARG,2018,0.301
Argentina,ARG,2019,0.283
Argentina,ARG,2020,0.285
Argentina,ARG,2021,0.272
Argentina,ARG,2022,0.262
Argentina,ARG,2023,0.264
Armenia,ARM,2015,0.301
Armenia,ARM,2016,0.296
Armenia,ARM,2017,0.254
Armenia,ARM,2018,0.242
Armenia,ARM,2019,0.216
Armenia,ARM,2020,0.207
Armenia,ARM,2021,0.185
Armenia,ARM,2022,0.18
Armenia,ARM,2023,0.18
Asia,OWID_ASI,2015,0.3731123
Asia,OWID_ASI,2016,0.36339015
Asia,OWID_ASI,2017,0.35882714
Asia,OWID_ASI,2018,0.3510012
Asia,OWID_ASI,2019,0.3399464
Asia,OWID_ASI,2020,0.32940534
Asia,OWID_ASI,2021,0.32508716
Asia,OWID_ASI,2022,0.31905976
Asia,OWID_ASI,2023,0.3104314
Australia,AUS,2015,0.109
Australia,AUS,2016,0.101
Australia,AUS,2017,0.094
Australia,AUS,2018,0.091
Australia,AUS,2019,0.079
Australia,AUS,2020,0.072
Australia,AUS,2021,0.065
Australia,AUS,2022,0.056
Australia,AUS,2023,0.056
Austria,AUT,2015,0.083
Austria,AUT,2016,0.081
Austria,AUT,2017,0.071
Austria,AUT,2018,0.06
Austria,AUT,2019,0.052
Austria,AUT,2020,0.048
Austria,AUT,2021,0.042
Austria,AUT,2022,0.038
Austria,AUT,2023,0.033
Azerbaijan,AZE,2015,0.341
Azerbaijan,AZE,2016,0.328
Azerbaijan,AZE,2017,0.323
Azerbaijan,AZE,2018,0.32
Azerbaijan,AZE,2019,0.314
Azerbaijan,AZE,2020,0.332
Azerbaijan,AZE,2021,0.315
Azerbaijan,AZE,2022,0.317
Azerbaijan,AZE,2023,0.315
Bahamas,BHS,2015,0.366
Bahamas,BHS,2016,0.357
Bahamas,BHS,2017,0.333
Bahamas,BHS,2018,0.331
Bahamas,BHS,2019,0.335
Bahamas,BHS,2020,0.326
Bahamas,BHS,2021,0.329
Bahamas,BHS,2022,0.327
Bahamas,BHS,2023,0.325
Bahrain,BHR,2015,0.244
Bahrain,BHR,2016,0.237
Bahrain,BHR,2017,0.235
Bahrain,BHR,2018,0.204
Bahrain,BHR,2019,0.191
Bahrain,BHR,2020,0.189
Bahrain,BHR,2021,0.191
Bahrain,BHR,2022,0.177
Bahrain,BHR,2023,0.165
Bangladesh,BGD,2015,0.563
Bangladesh,BGD,2016,0.557
Bangladesh,BGD,2017,0.541
Bangladesh,BGD,2018,0.532
Bangladesh,BGD,2019,0.52
Bangladesh,BGD,2020,0.5
Bangladesh,BGD,2021,0.494
Bangladesh,BGD,2022,0.487
Bangladesh,BGD,2023,0.487
Barbados,BRB,2015,0.341
Barbados,BRB,2016,0.34
Barbados,BRB,2017,0.34
Barbados,BRB,2018,0.322
Barbados,BRB,2019,0.316
Barbados,BRB,2020,0.302
Barbados,BRB,2021,0.303
Barbados,BRB,2022,0.298
Barbados,BRB,2023,0.297
Belarus,BLR,2015,0.128
Belarus,BLR,2016,0.119
Belarus,BLR,2017,0.109
Belarus,BLR,2018,0.102
Belarus,BLR,2019,0.096
Belarus,BLR,2020,0.094
Belarus,BLR,2021,0.092
Belarus,BLR,2022,0.088
Belarus,BLR,2023,0.08
Belgium,BEL,2015,0.062
Belgium,BEL,2016,0.058
Belgium,BEL,2017,0.056
Belgium,BEL,2018,0.052
Belgium,BEL,2019,0.047
Belgium,BEL,2020,0.044
Belgium,BEL,2021,0.042
Belgium,BEL,2022,0.038
Belgium,BEL,2023,0.031
Belize,BLZ,2015,0.429
Belize,BLZ,2016,0.44
Belize,BLZ,2017,0.464
Belize,BLZ,2018,0.466
Belize,BLZ,2019,0.461
Belize,BLZ,2020,0.469
Belize,BLZ,2021,0.436
Belize,BLZ,2022,0.436
Belize,BLZ,2023,0.428
Benin,BEN,2015,0.659
Benin,BEN,2016,0.659
Benin,BEN,2017,0.656
Benin,BEN,2018,0.645
Benin,BEN,2019,0.636
Benin,BEN,2020,0.638
Benin,BEN,2021,0.634
Benin,BEN,2022,0.64
Benin,BEN,2023,0.573
Bhutan,BTN,2015,0.385
Bhutan,BTN,2016,0.363
Bhutan,BTN,2017,0.347
Bhutan,BTN,2018,0.277
Bhutan,BTN,2019,0.265
Bhutan,BTN,2020,0.266
Bhutan,BTN,2021,0.266
Bhutan,BTN,2022,0.283
Bhutan,BTN,2023,0.278
Bolivia,BOL,2015,0.441
Bolivia,BOL,2016,0.433
Bolivia,BOL,2017,0.431
Bolivia,BOL,2018,0.43
Bolivia,BOL,2019,0.429
Bolivia,BOL,2020,0.431
Bolivia,BOL,2021,0.423
Bolivia,BOL,2022,0.421
Bolivia,BOL,2023,0.419
Bosnia and Herzegovina,BIH,2016,0.169
Bosnia and Herzegovina,BIH,2017,0.167
Bosnia and Herzegovina,BIH,2018,0.17
Bosnia and Herzegovina,BIH,2019,0.153
Bosnia and Herzegovina,BIH,2020,0.144
Bosnia and Herzegovina,BIH,2021,0.138
Bosnia and Herzegovina,BIH,2022,0.158
Bosnia and Herzegovina,BIH,2023,0.157
Botswana,BWA,2015,0.505
Botswana,BWA,2016,0.48
Botswana,BWA,2017,0.459
Botswana,BWA,2018,0.492
Botswana,BWA,2019,0.466
Botswana,BWA,2020,0.497
Botswana,BWA,2021,0.495
Botswana,BWA,2022,0.492
Botswana,BWA,2023,0.49
Brazil,BRA,2015,0.436
Brazil,BRA,2016,0.432
Brazil,BRA,2017,0.422
Brazil,BRA,2018,0.401
Brazil,BRA,2019,0.398
Brazil,BRA,2020,0.411
Brazil,BRA,2021,0.405
Brazil,BRA,2022,0.39
Brazil,BRA,2023,0.39
Brunei,BRN,2016,0.312
Brunei,BRN,2017,0.286
Brunei,BRN,2018,0.286
Brunei,BRN,2019,0.286
Brunei,BRN,2020,0.276
Brunei,BRN,2021,0.272
Brunei,BRN,2022,0.276
Brunei,BRN,2023,0.257
Bulgaria,BGR,2015,0.218
Bulgaria,BGR,2016,0.217
Bulgaria,BGR,2017,0.207
Bulgaria,BGR,2018,0.209
Bulgaria,BGR,2019,0.205
Bulgaria,BGR,2020,0.2
Bulgaria,BGR,2021,0.205
Bulgaria,BGR,2022,0.209
Bulgaria,BGR,2023,0.208
Burkina Faso,BFA,2015,0.61
Burkina Faso,BFA,2016,0.606
Burkina Faso,BFA,2017,0.593
Burkina Faso,BFA,2018,0.589
Burkina Faso,BFA,2019,0.571
Burkina Faso,BFA,2020,0.606
Burkina Faso,BFA,2021,0.609
Burkina Faso,BFA,2022,0.548
Burkina Faso,BFA,2023,0.555
Burundi,BDI,2015,0.514
Burundi,BDI,2016,0.51
Burundi,BDI,2017,0.507
Burundi,BDI,2018,0.507
Burundi,BDI,2019,0.501
Burundi,BDI,2020,0.503
Burundi,BDI,2021,0.502
Burundi,BDI,2022,0.502
Burundi,BDI,2023,0.501
Cambodia,KHM,2015,0.519
Cambodia,KHM,2016,0.506
Cambodia,KHM,2017,0.502
Cambodia,KHM,2018,0.498
Cambodia,KHM,2019,0.496
Cambodia,KHM,2020,0.492
Cambodia,KHM,2021,0.487
Cambodia,KHM,2022,0.489
Cambodia,KHM,2023,0.506
Cameroon,CMR,2015,0.573
Cameroon,CMR,2016,0.572
Cameroon,CMR,2017,0.573
Cameroon,CMR,2018,0.566
Cameroon,CMR,2019,0.567
Cameroon,CMR,2020,0.563
Cameroon,CMR,2021,0.562
Cameroon,CMR,2022,0.562
Cameroon,CMR,2023,0.558
Canada,CAN,2015,0.107
Canada,CAN,2016,0.102
Canada,CAN,2017,0.096
Canada,CAN,2018,0.078
Canada,CAN,2019,0.072
Canada,CAN,2020,0.066
Canada,CAN,2021,0.059
Canada,CAN,2022,0.054
Canada,CAN,2023,0.052
Cape Verde,CPV,2015,0.363
Cape Verde,CPV,2016,0.352
Cape Verde,CPV,2017,0.349
Cape Verde,CPV,2018,0.357
Cape Verde,CPV,2019,0.337
Cape Verde,CPV,2020,0.327
Cape Verde,CPV,2021,0.301
Cape Verde,CPV,2022,0.302
Cape Verde,CPV,2023,0.298
Chad,TCD,2018,0.686
Chad,TCD,2019,0.7
Chad,TCD,2020,0.696
Chad,TCD,2021,0.66
Chad,TCD,2022,0.671
Chad,TCD,2023,0.67
Chile,CHL,2015,0.287
Chile,CHL,2016,0.267
Chile,CHL,2017,0.249
Chile,CHL,2018,0.215
Chile,CHL,2019,0.195
Chile,CHL,2020,0.182
Chile,CHL,2021,0.119
Chile,CHL,2022,0.114
Chile,CHL,2023,0.102
China,CHN,2015,0.202
China,CHN,2016,0.192
China,CHN,2017,0.181
China,CHN,2018,0.163
China,CHN,2019,0.159
China,CHN,2020,0.154
China,CHN,2021,0.145
China,CHN,2022,0.138
China,CHN,2023,0.132
Colombia,COL,2015,0.417
Colombia,COL,2016,0.414
Colombia,COL,2017,0.417
Colombia,COL,2018,0.41
Colombia,COL,2019,0.411
Colombia,COL,2020,0.421
Colombia,COL,2021,0.42
Colombia,COL,2022,0.395
Colombia,COL,2023,0.393
Comoros,COM,2015,0.633
Comoros,COM,2016,0.626
Comoros,COM,2017,0.583
Comoros,COM,2018,0.58
Comoros,COM,2019,0.575
Comoros,COM,2020,0.512
Comoros,COM,2021,0.508
Comoros,COM,2022,0.502
Comoros,COM,2023,0.501
Congo,COG,2015,0.615
Congo,COG,2016,0.614
Congo,COG,2017,0.607
Congo,COG,2018,0.608
Congo,COG,2019,0.593
Congo,COG,2020,0.589
Congo,COG,2021,0.588
Congo,COG,2022,0.578
Congo,COG,2023,0.565
Costa Rica,CRI,2015,0.282
Costa Rica,CRI,2016,0.278
Costa Rica,CRI,2017,0.273
Costa Rica,CRI,2018,0.249
Costa Rica,CRI,2019,0.234
Costa Rica,CRI,2020,0.231
Costa Rica,CRI,2021,0.216
Costa Rica,CRI,2022,0.209
Costa Rica,CRI,2023,0.217
Cote d'Ivoire,CIV,2015,0.631
Cote d'Ivoire,CIV,2016,0.633
Cote d'Ivoire,CIV,2017,0.627
Cote d'Ivoire,CIV,2018,0.622
Cote d'Ivoire,CIV,2019,0.605
Cote d'Ivoire,CIV,2020,0.602
Cote d'Ivoire,CIV,2021,0.594
Cote d'Ivoire,CIV,2022,0.593
Cote d'Ivoire,CIV,2023,0.589
Croatia,HRV,2015,0.143
Croatia,HRV,2016,0.158
Croatia,HRV,2017,0.13
Croatia,HRV,2018,0.126
Croatia,HRV,2019,0.118
Croatia,HRV,2020,0.086
Croatia,HRV,2021,0.085
Croatia,HRV,2022,0.078
Croatia,HRV,2023,0.074
Cuba,CUB,2015,0.307
Cuba,CUB,2016,0.307
Cuba,CUB,2017,0.307
Cuba,CUB,2018,0.303
Cuba,CUB,2019,0.304
Cuba,CUB,2020,0.303
Cuba,CUB,2021,0.298
Cuba,CUB,2022,0.297
Cuba,CUB,2023,0.296
Cyprus,CYP,2015,0.209
Cyprus,CYP,2016,0.196
Cyprus,CYP,2017,0.212
Cyprus,CYP,2018,0.23
Cyprus,CYP,2019,0.235
Cyprus,CYP,2020,0.239
Cyprus,CYP,2021,0.256
Cyprus,CYP,2022,0.255
Cyprus,CYP,2023,0.252
Czechia,CZE,2015,0.14
Czechia,CZE,2016,0.139
Czechia,CZE,2017,0.134
Czechia,CZE,2018,0.13
Czechia,CZE,2019,0.124
Czechia,CZE,2020,0.12
Czechia,CZE,2021,0.108
Czechia,CZE,2022,0.095
Czechia,CZE,2023,0.088
Democratic Republic of Congo,COD,2015,0.645
Democratic Republic of Congo,COD,2016,0.64
Democratic Republic of Congo,COD,2017,0.641
Democratic Republic of Congo,COD,2018,0.638
Democratic Republic of Congo,COD,2019,0.618
Democratic Republic of Congo,COD,2020,0.609
Democratic Republic of Congo,COD,2021,0.607
Democratic Republic of Congo,COD,2022,0.604
Democratic Republic of Congo,COD,2023,0.604
Denmark,DNK,2015,0.034
Denmark,DNK,2016,0.033
Denmark,DNK,2017,0.027
Denmark,DNK,2018,0.021
Denmark,DNK,2019,0.016
Denmark,DNK,2020,0.01
Denmark,DNK,2021,0.008
Denmark,DNK,2022,0.004
Denmark,DNK,2023,0.003
Djibouti,DJI,2017,0.547
Djibouti,DJI,2018,0.499
Djibouti,DJI,2019,0.492
Djibouti,DJI,2020,0.486
Djibouti,DJI,2021,0.483
Djibouti,DJI,2022,0.482
Djibouti,DJI,2023,0.481
Dominican Republic,DOM,2015,0.466
Dominican Republic,DOM,2016,0.452
Dominican Republic,DOM,2017,0.449
Dominican Republic,DOM,2018,0.45
Dominican Republic,DOM,2019,0.437
Dominican Republic,DOM,2020,0.431
Dominican Republic,DOM,2021,0.423
Dominican Republic,DOM,2022,0.422
Dominican Republic,DOM,2023,0.417
East Asia and the Pacific (UNDP),,2015,0.349
East Asia and the Pacific (UNDP),,2016,0.343
East Asia and the Pacific (UNDP),,2017,0.335
East Asia and the Pacific (UNDP),,2018,0.324
East Asia and the Pacific (UNDP),,2019,0.318
East Asia and the Pacific (UNDP),,2020,0.316
East Asia and the Pacific (UNDP),,2021,0.316
East Asia and the Pacific (UNDP),,2022,0.316
East Asia and the Pacific (UNDP),,2023,0.315
East Timor,TLS,2015,0.449
East Timor,TLS,2016,0.426
East Timor,TLS,2017,0.432
East Timor,TLS,2018,0.425
East Timor,TLS,2019,0.409
East Timor,TLS,2020,0.403
East Timor,TLS,2021,0.405
East Timor,TLS,2022,0.391
East Timor,TLS,2023,0.394
Ecuador,ECU,2015,0.391
Ecuador,ECU,2016,0.386
Ecuador,ECU,2017,0.389
Ecuador,ECU,2018,0.391
Ecuador,ECU,2019,0.388
Ecuador,ECU,2020,0.373
Ecuador,ECU,2021,0.366
Ecuador,ECU,2022,0.364
Ecuador,ECU,2023,0.358
Egypt,EGY,2015,0.542
Egypt,EGY,2016,0.412
Egypt,EGY,2017,0.405
Egypt,EGY,2018,0.416
Egypt,EGY,2019,0.424
Egypt,EGY,2020,0.405
Egypt,EGY,2021,0.395
Egypt,EGY,2022,0.399
Egypt,EGY,2023,0.398
El Salvador,SLV,2015,0.378
El Salvador,SLV,2016,0.37
El Salvador,SLV,2017,0.37
El Salvador,SLV,2018,0.368
El Salvador,SLV,2019,0.358
El Salvador,SLV,2020,0.359
El Salvador,SLV,2021,0.369
El Salvador,SLV,2022,0.366
El Salvador,SLV,2023,0.362
Estonia,EST,2015,0.128
Estonia,EST,2016,0.119
Estonia,EST,2017,0.105
Estonia,EST,2018,0.101
Estonia,EST,2019,0.089
Estonia,EST,2020,0.083
Estonia,EST,2021,0.081
Estonia,EST,2022,0.071
Estonia,EST,2023,0.061
Eswatini,SWZ,2015,0.547
Eswatini,SWZ,2016,0.533
Eswatini,SWZ,2017,0.521
Eswatini,SWZ,2018,0.525
Eswatini,SWZ,2019,0.526
Eswatini,SWZ,2020,0.505
Eswatini,SWZ,2021,0.503
Eswatini,SWZ,2022,0.494
Eswatini,SWZ,2023,0.484
Ethiopia,ETH,2015,0.533
Ethiopia,ETH,2016,0.524
Ethiopia,ETH,2017,0.52
Ethiopia,ETH,2018,0.513
Ethiopia,ETH,2019,0.509
Ethiopia,ETH,2020,0.502
Ethiopia,ETH,2021,0.497
Ethiopia,ETH,2022,0.498
Ethiopia,ETH,2023,0.497
Europe,OWID_EUR,2015,0.119546555
Europe,OWID_EUR,2016,0.11702872
Europe,OWID_EUR,2017,0.108228736
Europe,OWID_EUR,2018,0.101529986
Europe,OWID_EUR,2019,0.09519207
Europe,OWID_EUR,2020,0.09481454
Europe,OWID_EUR,2021,0.08950225
Europe,OWID_EUR,2022,0.08587347
Europe,OWID_EUR,2023,0.08400233
Europe and Central Asia (UNDP),,2015,0.27
Europe and Central Asia (UNDP),,2016,0.26
Europe and Central Asia (UNDP),,2017,0.246
Europe and Central Asia (UNDP),,2018,0.242
Europe and Central Asia (UNDP),,2019,0.232
Europe and Central Asia (UNDP),,2020,0.234
Europe and Central Asia (UNDP),,2021,0.23
Europe and Central Asia (UNDP),,2022,0.226
Europe and Central Asia (UNDP),,2023,0.226
European Union (27),OWID_EU27,2015,0.10346065
European Union (27),OWID_EU27,2016,0.10249138
European Union (27),OWID_EU27,2017,0.09522921
European Union (27),OWID_EU27,2018,0.08846695
European Union (27),OWID_EU27,2019,0.08276802
European Union (27),OWID_EU27,2020,0.077295355
European Union (27),OWID_EU27,2021,0.071124405
European Union (27),OWID_EU27,2022,0.06744418
European Union (27),OWID_EU27,2023,0.06461909
Fiji,FJI,2015,0.334
Fiji,FJI,2016,0.333
Fiji,FJI,2017,0.325
Fiji,FJI,2018,0.313
Fiji,FJI,2019,0.317
Fiji,FJI,2020,0.317
Fiji,FJI,2021,0.31
Fiji,FJI,2022,0.314
Fiji,FJI,2023,0.35
Finland,FIN,2015,0.056
Finland,FIN,2016,0.05
Finland,FIN,2017,0.044
Finland,FIN,2018,0.038
Finland,FIN,2019,0.031
Finland,FIN,2020,0.03
Finland,FIN,2021,0.029
Finland,FIN,2022,0.023
Finland,FIN,2023,0.021
France,FRA,2015,0.096
France,FRA,2016,0.092
France,FRA,2017,0.072
France,FRA,2018,0.065
France,FRA,2019,0.061
France,FRA,2020,0.056
France,FRA,2021,0.048
France,FRA,2022,0.041
France,FRA,2023,0.034
Gabon,GAB,2015,0.53
Gabon,GAB,2016,0.531
Gabon,GAB,2017,0.528
Gabon,GAB,2018,0.531
Gabon,GAB,2019,0.527
Gabon,GAB,2020,0.531
Gabon,GAB,2021,0.523
Gabon,GAB,2022,0.522
Gabon,GAB,2023,0.505
Gambia,GMB,2015,0.618
Gambia,GMB,2016,0.609
Gambia,GMB,2017,0.597
Gambia,GMB,2018,0.594
Gambia,GMB,2019,0.586
Gambia,GMB,2020,0.589
Gambia,GMB,2021,0.585
Gambia,GMB,2022,0.581
Gambia,GMB,2023,0.578
Georgia,GEO,2015,0.36
Georgia,GEO,2016,0.321
Georgia,GEO,2017,0.303
Georgia,GEO,2018,0.299
Georgia,GEO,2019,0.296
Georgia,GEO,2020,0.271
Georgia,GEO,2021,0.269
Georgia,GEO,2022,0.257
Georgia,GEO,2023,0.257
Germany,DEU,2015,0.076
Germany,DEU,2016,0.083
Germany,DEU,2017,0.085
Germany,DEU,2018,0.08
Germany,DEU,2019,0.076
Germany,DEU,2020,0.071
Germany,DEU,2021,0.064
Germany,DEU,2022,0.058
Germany,DEU,2023,0.057
Ghana,GHA,2015,0.553
Ghana,GHA,2016,0.543
Ghana,GHA,2017,0.534
Ghana,GHA,2018,0.534
Ghana,GHA,2019,0.525
Ghana,GHA,2020,0.529
Ghana,GHA,2021,0.524
Ghana,GHA,2022,0.515
Ghana,GHA,2023,0.514
Greece,GRC,2015,0.125
Greece,GRC,2016,0.129
Greece,GRC,2017,0.132
Greece,GRC,2018,0.13
Greece,GRC,2019,0.122
Greece,GRC,2020,0.118
Greece,GRC,2021,0.114
Greece,GRC,2022,0.109
Greece,GRC,2023,0.103
Grenada,GRD,2018,0.213
Grenada,GRD,2019,0.212
Grenada,GRD,2020,0.218
Grenada,GRD,2021,0.226
Grenada,GRD,2022,0.227
Grenada,GRD,2023,0.226
Guatemala,GTM,2015,0.529
Guatemala,GTM,2016,0.508
Guatemala,GTM,2017,0.509
Guatemala,GTM,2018,0.509
Guatemala,GTM,2019,0.5
Guatemala,GTM,2020,0.48
Guatemala,GTM,2021,0.467
Guatemala,GTM,2022,0.48
Guatemala,GTM,2023,0.48
Guinea,GIN,2019,0.631
Guinea,GIN,2020,0.643
Guinea,GIN,2021,0.64
Guinea,GIN,2022,0.61
Guinea,GIN,2023,0.609
Guinea-Bissau,GNB,2018,0.623
Guinea-Bissau,GNB,2019,0.622
Guinea-Bissau,GNB,2020,0.621
Guinea-Bissau,GNB,2021,0.618
Guinea-Bissau,GNB,2022,0.617
Guinea-Bissau,GNB,2023,0.632
Guyana,GUY,2018,0.444
Guyana,GUY,2019,0.439
Guyana,GUY,2020,0.434
Guyana,GUY,2021,0.432
Guyana,GUY,2022,0.431
Guyana,GUY,2023,0.427
Haiti,HTI,2015,0.625
Haiti,HTI,2016,0.84
Haiti,HTI,2017,0.628
Haiti,HTI,2018,0.629
Haiti,HTI,2019,0.625
Haiti,HTI,2020,0.623
Haiti,HTI,2021,0.621
Haiti,HTI,2022,0.619
Haiti,HTI,2023,0.618
High human development (UNDP),,2015,0.365
High human development (UNDP),,2016,0.355
High human development (UNDP),,2017,0.349
High human development (UNDP),,2018,0.34
High human development (UNDP),,2019,0.335
High human development (UNDP),,2020,0.339
High human development (UNDP),,2021,0.338
High human development (UNDP),,2022,0.335
High human development (UNDP),,2023,0.334
High-income countries,OWID_HIC,2015,0.15377405
High-income countries,OWID_HIC,2016,0.14927167
High-income countries,OWID_HIC,2017,0.14117469
High-income countries,OWID_HIC,2018,0.13221137
High-income countries,OWID_HIC,2019,0.12540638
High-income countries,OWID_HIC,2020,0.12041484
High-income countries,OWID_HIC,2021,0.11425397
High-income countries,OWID_HIC,2022,0.109741874
High-income countries,OWID_HIC,2023,0.1075637
Honduras,HND,2015,0.432
Honduras,HND,2016,0.428
Honduras,HND,2017,0.427
Honduras,HND,2018,0.435
Honduras,HND,2019,0.445
Honduras,HND,2020,0.436
Honduras,HND,2021,0.417
Honduras,HND,2022,0.427
Honduras,HND,2023,0.437
Hungary,HUN,2015,0.261
Hungary,HUN,2016,0.261
Hungary,HUN,2017,0.259
Hungary,HUN,2018,0.242
Hungary,HUN,2019,0.237
Hungary,HUN,2020,0.244
Hungary,HUN,2021,0.228
Hungary,HUN,2022,0.218
Hungary,HUN,2023,0.213
Iceland,ISL,2015,0.062
Iceland,ISL,2016,0.052
Iceland,ISL,2017,0.054
Iceland,ISL,2018,0.049
Iceland,ISL,2019,0.045
Iceland,ISL,2020,0.041
Iceland,ISL,2021,0.031
Iceland,ISL,2022,0.025
Iceland,ISL,2023,0.024
India,IND,2015,0.496
India,IND,2016,0.484
India,IND,2017,0.488
India,IND,2018,0.487
India,IND,2019,0.464
India,IND,2020,0.441
India,IND,2021,0.438
India,IND,2022,0.427
India,IND,2023,0.403
Indonesia,IDN,2015,0.477
Indonesia,IDN,2016,0.471
Indonesia,IDN,2017,0.455
Indonesia,IDN,2018,0.444
Indonesia,IDN,2019,0.436
Indonesia,IDN,2020,0.429
Indonesia,IDN,2021,0.425
Indonesia,IDN,2022,0.422
Indonesia,IDN,2023,0.423
Iran,IRN,2015,0.532
Iran,IRN,2016,0.47
Iran,IRN,2017,0.46
Iran,IRN,2018,0.455
Iran,IRN,2019,0.463
Iran,IRN,2020,0.483
Iran,IRN,2021,0.487
Iran,IRN,2022,0.483
Iran,IRN,2023,0.482
Iraq,IRQ,2015,0.578
Iraq,IRQ,2016,0.558
Iraq,IRQ,2017,0.579
Iraq,IRQ,2018,0.573
Iraq,IRQ,2019,0.571
Iraq,IRQ,2020,0.569
Iraq,IRQ,2021,0.562
Iraq,IRQ,2022,0.56
Iraq,IRQ,2023,0.558
Ireland,IRL,2015,0.111
Ireland,IRL,2016,0.093
Ireland,IRL,2017,0.087
Ireland,IRL,2018,0.082
Ireland,IRL,2019,0.076
Ireland,IRL,2020,0.066
Ireland,IRL,2021,0.063
Ireland,IRL,2022,0.055
Ireland,IRL,2023,0.054
Israel,ISR,2015,0.103
Israel,ISR,2016,0.1
Israel,ISR,2017,0.096
Israel,ISR,2018,0.09
Israel,ISR,2019,0.094
Israel,ISR,2020,0.08
Israel,ISR,2021,0.076
Israel,ISR,2022,0.087
Israel,ISR,2023,0.08
Italy,ITA,2015,0.079
Italy,ITA,2016,0.074
Italy,ITA,2017,0.069
Italy,ITA,2018,0.056
Italy,ITA,2019,0.052
Italy,ITA,2020,0.048
Italy,ITA,2021,0.044
Italy,ITA,2022,0.046
Italy,ITA,2023,0.043
Jamaica,JAM,2015,0.409
Jamaica,JAM,2016,0.399
Jamaica,JAM,2017,0.397
Jamaica,JAM,2018,0.384
Jamaica,JAM,2019,0.385
Jamaica,JAM,2020,0.362
Jamaica,JAM,2021,0.362
Jamaica,JAM,2022,0.36
Jamaica,JAM,2023,0.358
Japan,JPN,2015,0.118
Japan,JPN,2016,0.104
Japan,JPN,2017,0.096
Japan,JPN,2018,0.091
Japan,JPN,2019,0.082
Japan,JPN,2020,0.079
Japan,JPN,2021,0.072
Japan,JPN,2022,0.062
Japan,JPN,2023,0.059
Jordan,JOR,2015,0.477
Jordan,JOR,2016,0.442
Jordan,JOR,2017,0.427
Jordan,JOR,2018,0.434
Jordan,JOR,2019,0.439
Jordan,JOR,2020,0.442
Jordan,JOR,2021,0.441
Jordan,JOR,2022,0.433
Jordan,JOR,2023,0.433
Kazakhstan,KAZ,2015,0.217
Kazakhstan,KAZ,2016,0.212
Kazakhstan,KAZ,2017,0.198
Kazakhstan,KAZ,2018,0.195
Kazakhstan,KAZ,2019,0.192
Kazakhstan,KAZ,2020,0.182
Kazakhstan,KAZ,2021,0.182
Kazakhstan,KAZ,2022,0.168
Kazakhstan,KAZ,2023,0.182
Kenya,KEN,2015,0.551
Kenya,KEN,2016,0.547
Kenya,KEN,2017,0.536
Kenya,KEN,2018,0.538
Kenya,KEN,2019,0.535
Kenya,KEN,2020,0.533
Kenya,KEN,2021,0.533
Kenya,KEN,2022,0.527
Kenya,KEN,2023,0.526
Kuwait,KWT,2015,0.3
Kuwait,KWT,2016,0.284
Kuwait,KWT,2017,0.248
Kuwait,KWT,2018,0.24
Kuwait,KWT,2019,0.202
Kuwait,KWT,2020,0.16
Kuwait,KWT,2021,0.252
Kuwait,KWT,2022,0.138
Kuwait,KWT,2023,0.188
Kyrgyzstan,KGZ,2015,0.383
Kyrgyzstan,KGZ,2016,0.37
Kyrgyzstan,KGZ,2017,0.368
Kyrgyzstan,KGZ,2018,0.372
Kyrgyzstan,KGZ,2019,0.362
Kyrgyzstan,KGZ,2020,0.363
Kyrgyzstan,KGZ,2021,0.346
Kyrgyzstan,KGZ,2022,0.34
Kyrgyzstan,KGZ,2023,0.34
Laos,LAO,2015,0.498
Laos,LAO,2016,0.485
Laos,LAO,2017,0.485
Laos,LAO,2018,0.484
Laos,LAO,2019,0.478
Laos,LAO,2020,0.464
Laos,LAO,2021,0.476
Laos,LAO,2022,0.476
Laos,LAO,2023,0.475
Latin America and the Caribbean (UNDP),,2015,0.408
Latin America and the Caribbean (UNDP),,2016,0.404
Latin America and the Caribbean (UNDP),,2017,0.4
Latin America and the Caribbean (UNDP),,2018,0.393
Latin America and the Caribbean (UNDP),,2019,0.39
Latin America and the Caribbean (UNDP),,2020,0.395
Latin America and the Caribbean (UNDP),,2021,0.39
Latin America and the Caribbean (UNDP),,2022,0.385
Latin America and the Caribbean (UNDP),,2023,0.384
Latvia,LVA,2015,0.225
Latvia,LVA,2016,0.212
Latvia,LVA,2017,0.215
Latvia,LVA,2018,0.168
Latvia,LVA,2019,0.164
Latvia,LVA,2020,0.142
Latvia,LVA,2021,0.141
Latvia,LVA,2022,0.129
Latvia,LVA,2023,0.117
Lebanon,LBN,2015,0.424
Lebanon,LBN,2016,0.421
Lebanon,LBN,2017,0.418
Lebanon,LBN,2018,0.381
Lebanon,LBN,2019,0.384
Lebanon,LBN,2020,0.387
Lebanon,LBN,2021,0.383
Lebanon,LBN,2022,0.361
Lebanon,LBN,2023,0.36
Lesotho,LSO,2015,0.568
Lesotho,LSO,2016,0.565
Lesotho,LSO,2017,0.566
Lesotho,LSO,2018,0.559
Lesotho,LSO,2019,0.56
Lesotho,LSO,2020,0.548
Lesotho,LSO,2021,0.544
Lesotho,LSO,2022,0.535
Lesotho,LSO,2023,0.534
Liberia,LBR,2015,0.664
Liberia,LBR,2016,0.662
Liberia,LBR,2017,0.652
Liberia,LBR,2018,0.649
Liberia,LBR,2019,0.65
Liberia,LBR,2020,0.654
Liberia,LBR,2021,0.651
Liberia,LBR,2022,0.651
Liberia,LBR,2023,0.646
Libya,LBY,2015,0.268
Libya,LBY,2016,0.269
Libya,LBY,2017,0.26
Libya,LBY,2018,0.262
Libya,LBY,2019,0.264
Libya,LBY,2020,0.262
Libya,LBY,2021,0.259
Libya,LBY,2022,0.255
Libya,LBY,2023,0.253
Lithuania,LTU,2015,0.138
Lithuania,LTU,2016,0.139
Lithuania,LTU,2017,0.134
Lithuania,LTU,2018,0.129
Lithuania,LTU,2019,0.121
Lithuania,LTU,2020,0.095
Lithuania,LTU,2021,0.081
Lithuania,LTU,2022,0.073
Lithuania,LTU,2023,0.07
Low human development (UNDP),,2015,0.596
Low human development (UNDP),,2016,0.593
Low human development (UNDP),,2017,0.589
Low human development (UNDP),,2018,0.587
Low human development (UNDP),,2019,0.582
Low human development (UNDP),,2020,0.578
Low human development (UNDP),,2021,0.573
Low human development (UNDP),,2022,0.573
Low human development (UNDP),,2023,0.571
Low-income countries,OWID_LIC,2021,0.5250129
Low-income countries,OWID_LIC,2022,0.54135376
Low-income countries,OWID_LIC,2023,0.54086065
Lower-middle-income countries,OWID_LMC,2015,0.50904644
Lower-middle-income countries,OWID_LMC,2016,0.49710324
Lower-middle-income countries,OWID_LMC,2017,0.49680015
Lower-middle-income countries,OWID_LMC,2018,0.4951826
Lower-middle-income countries,OWID_LMC,2019,0.48648587
Lower-middle-income countries,OWID_LMC,2020,0.4707001
Lower-middle-income countries,OWID_LMC,2021,0.46751958
Lower-middle-income countries,OWID_LMC,2022,0.46056497
Lower-middle-income countries,OWID_LMC,2023,0.4492761
Luxembourg,LUX,2015,0.068
Luxembourg,LUX,2016,0.063
Luxembourg,LUX,2017,0.058
Luxembourg,LUX,2018,0.074
Luxembourg,LUX,2019,0.062
Luxembourg,LUX,2020,0.048
Luxembourg,LUX,2021,0.037
Luxembourg,LUX,2022,0.043
Luxembourg,LUX,2023,0.044
Madagascar,MDG,2021,0.584
Madagascar,MDG,2022,0.583
Madagascar,MDG,2023,0.584
Malawi,MWI,2015,0.609
Malawi,MWI,2016,0.603
Malawi,MWI,2017,0.592
Malawi,MWI,2018,0.596
Malawi,MWI,2019,0.577
Malawi,MWI,2020,0.579
Malawi,MWI,2021,0.577
Malawi,MWI,2022,0.576
Malawi,MWI,2023,0.581
Malaysia,MYS,2015,0.233
Malaysia,MYS,2016,0.224
Malaysia,MYS,2017,0.212
Malaysia,MYS,2018,0.193
Malaysia,MYS,2019,0.193
Malaysia,MYS,2020,0.182
Malaysia,MYS,2021,0.173
Malaysia,MYS,2022,0.173
Malaysia,MYS,2023,0.172
Maldives,MDV,2015,0.364
Maldives,MDV,2016,0.348
Maldives,MDV,2017,0.328
Maldives,MDV,2018,0.318
Maldives,MDV,2019,0.325
Maldives,MDV,2020,0.325
Maldives,MDV,2021,0.319
Maldives,MDV,2022,0.312
Maldives,MDV,2023,0.309
Mali,MLI,2015,0.646
Mali,MLI,2016,0.671
Mali,MLI,2017,0.664
Mali,MLI,2018,0.666
Mali,MLI,2019,0.671
Mali,MLI,2020,0.605
Mali,MLI,2021,0.611
Mali,MLI,2022,0.613
Mali,MLI,2023,0.612
Malta,MLT,2015,0.189
Malta,MLT,2016,0.188
Malta,MLT,2017,0.187
Malta,MLT,2018,0.182
Malta,MLT,2019,0.161
Malta,MLT,2020,0.162
Malta,MLT,2021,0.158
Malta,MLT,2022,0.109
Malta,MLT,2023,0.111
Mauritania,MRT,2015,0.624
Mauritania,MRT,2016,0.619
Mauritania,MRT,2017,0.609
Mauritania,MRT,2018,0.618
Mauritania,MRT,2019,0.612
Mauritania,MRT,2020,0.614
Mauritania,MRT,2021,0.612
Mauritania,MRT,2022,0.61
Mauritania,MRT,2023,0.603
Mauritius,MUS,2015,0.373
Mauritius,MUS,2016,0.37
Mauritius,MUS,2017,0.36
Mauritius,MUS,2018,0.363
Mauritius,MUS,2019,0.325
Mauritius,MUS,2020,0.359
Mauritius,MUS,2021,0.361
Mauritius,MUS,2022,0.36
Mauritius,MUS,2023,0.352
Medium human development (UNDP),,2015,0.556
Medium human development (UNDP),,2016,0.553
Medium human development (UNDP),,2017,0.551
Medium human development (UNDP),,2018,0.55
Medium human development (UNDP),,2019,0.543
Medium human development (UNDP),,2020,0.529
Medium human development (UNDP),,2021,0.527
Medium human development (UNDP),,2022,0.523
Medium human development (UNDP),,2023,0.513
Mexico,MEX,2015,0.379
Mexico,MEX,2016,0.37
Mexico,MEX,2017,0.372
Mexico,MEX,2018,0.365
Mexico,MEX,2019,0.366
Mexico,MEX,2020,0.368
Mexico,MEX,2021,0.365
Mexico,MEX,2022,0.361
Mexico,MEX,2023,0.358
Moldova,MDA,2015,0.234
Moldova,MDA,2016,0.226
Moldova,MDA,2017,0.215
Moldova,MDA,2018,0.209
Moldova,MDA,2019,0.183
Moldova,MDA,2020,0.182
Moldova,MDA,2021,0.152
Moldova,MDA,2022,0.142
Moldova,MDA,2023,0.146
Mongolia,MNG,2015,0.336
Mongolia,MNG,2016,0.331
Mongolia,MNG,2017,0.33
Mongolia,MNG,2018,0.322
Mongolia,MNG,2019,0.311
Mongolia,MNG,2020,0.301
Mongolia,MNG,2021,0.292
Mongolia,MNG,2022,0.284
Mongolia,MNG,2023,0.284
Montenegro,MNE,2015,0.145
Montenegro,MNE,2016,0.124
Montenegro,MNE,2017,0.122
Montenegro,MNE,2018,0.122
Montenegro,MNE,2019,0.113
Montenegro,MNE,2020,0.125
Montenegro,MNE,2021,0.117
Montenegro,MNE,2022,0.11
Montenegro,MNE,2023,0.121
Morocco,MAR,2015,0.469
Morocco,MAR,2016,0.453
Morocco,MAR,2017,0.45
Morocco,MAR,2018,0.449
Morocco,MAR,2019,0.448
Morocco,MAR,2020,0.445
Morocco,MAR,2021,0.439
Morocco,MAR,2022,0.44
Morocco,MAR,2023,0.438
Mozambique,MOZ,2015,0.517
Mozambique,MOZ,2016,0.513
Mozambique,MOZ,2017,0.513
Mozambique,MOZ,2018,0.502
Mozambique,MOZ,2019,0.491
Mozambique,MOZ,2020,0.474
Mozambique,MOZ,2021,0.477
Mozambique,MOZ,2022,0.481
Mozambique,MOZ,2023,0.479
Myanmar,MMR,2015,0.495
Myanmar,MMR,2016,0.512
Myanmar,MMR,2017,0.512
Myanmar,MMR,2018,0.501
Myanmar,MMR,2019,0.5
Myanmar,MMR,2020,0.472
Myanmar,MMR,2021,0.478
Myanmar,MMR,2022,0.479
Myanmar,MMR,2023,0.478
Namibia,NAM,2015,0.482
Namibia,NAM,2016,0.471
Namibia,NAM,2017,0.463
Namibia,NAM,2018,0.453
Namibia,NAM,2019,0.456
Namibia,NAM,2020,0.452
Namibia,NAM,2021,0.45
Namibia,NAM,2022,0.448
Namibia,NAM,2023,0.448
Nepal,NPL,2015,0.511
Nepal,NPL,2016,0.512
Nepal,NPL,2017,0.536
Nepal,NPL,2018,0.519
Nepal,NPL,2019,0.503
Nepal,NPL,2020,0.494
Nepal,NPL,2021,0.49
Nepal,NPL,2022,0.487
Nepal,NPL,2023,0.487
Netherlands,NLD,2015,0.034
Netherlands,NLD,2016,0.031
Netherlands,NLD,2017,0.029
Netherlands,NLD,2018,0.027
Netherlands,NLD,2019,0.027
Netherlands,NLD,2020,0.024
Netherlands,NLD,2021,0.017
Netherlands,NLD,2022,0.017
Netherlands,NLD,2023,0.013
New Zealand,NZL,2015,0.136
New Zealand,NZL,2016,0.126
New Zealand,NZL,2017,0.11
New Zealand,NZL,2018,0.103
New Zealand,NZL,2019,0.097
New Zealand,NZL,2020,0.085
New Zealand,NZL,2021,0.079
New Zealand,NZL,2022,0.078
New Zealand,NZL,2023,0.082
Nicaragua,NIC,2015,0.431
Nicaragua,NIC,2016,0.424
Nicaragua,NIC,2017,0.424
Nicaragua,NIC,2018,0.423
Nicaragua,NIC,2019,0.421
Nicaragua,NIC,2020,0.418
Nicaragua,NIC,2021,0.412
Nicaragua,NIC,2022,0.408
Nicaragua,NIC,2023,0.408
Niger,NER,2015,0.659
Niger,NER,2016,0.657
Niger,NER,2017,0.666
Niger,NER,2018,0.636
Niger,NER,2019,0.625
Niger,NER,2020,0.622
Niger,NER,2021,0.596
Niger,NER,2022,0.591
Niger,NER,2023,0.591
Nigeria,NGA,2015,0.681
Nigeria,NGA,2016,0.679
Nigeria,NGA,2017,0.675
Nigeria,NGA,2018,0.672
Nigeria,NGA,2019,0.69
Nigeria,NGA,2020,0.679
Nigeria,NGA,2021,0.673
Nigeria,NGA,2022,0.671
Nigeria,NGA,2023,0.677
North America,OWID_NAM,2018,0.25945082
North America,OWID_NAM,2019,0.2563285
North America,OWID_NAM,2020,0.2496798
North America,OWID_NAM,2021,0.24498813
North America,OWID_NAM,2022,0.24263507
North America,OWID_NAM,2023,0.23976323
North Macedonia,MKD,2015,0.162
North Macedonia,MKD,2016,0.162
North Macedonia,MKD,2017,0.151
North Macedonia,MKD,2018,0.146
North Macedonia,MKD,2019,0.14
North Macedonia,MKD,2020,0.139
North Macedonia,MKD,2021,0.133
North Macedonia,MKD,2022,0.127
North Macedonia,MKD,2023,0.112
Norway,NOR,2015,0.04
Norway,NOR,2016,0.034
Norway,NOR,2017,0.023
Norway,NOR,2018,0.018
Norway,NOR,2019,0.014
Norway,NOR,2020,0.009
Norway,NOR,2021,0.01
Norway,NOR,2022,0.004
Norway,NOR,2023,0.004
Oman,OMN,2015,0.315
Oman,OMN,2016,0.304
Oman,OMN,2017,0.277
Oman,OMN,2018,0.269
Oman,OMN,2019,0.242
Oman,OMN,2020,0.239
Oman,OMN,2021,0.242
Oman,OMN,2022,0.222
Oman,OMN,2023,0.222
Pakistan,PAK,2015,0.563
Pakistan,PAK,2016,0.563
Pakistan,PAK,2017,0.559
Pakistan,PAK,2018,0.563
Pakistan,PAK,2019,0.555
Pakistan,PAK,2020,0.544
Pakistan,PAK,2021,0.541
Pakistan,PAK,2022,0.538
Pakistan,PAK,2023,0.536
Panama,PAN,2015,0.419
Panama,PAN,2016,0.416
Panama,PAN,2017,0.412
Panama,PAN,2018,0.404
Panama,PAN,2019,0.392
Panama,PAN,2020,0.377
Panama,PAN,2021,0.381
Panama,PAN,2022,0.38
Panama,PAN,2023,0.374
Papua New Guinea,PNG,2015,0.6
Papua New Guinea,PNG,2016,0.596
Papua New Guinea,PNG,2017,0.82
Papua New Guinea,PNG,2018,0.818
Papua New Guinea,PNG,2019,0.816
Papua New Guinea,PNG,2020,0.816
Papua New Guinea,PNG,2021,0.816
Papua New Guinea,PNG,2022,0.608
Papua New Guinea,PNG,2023,0.584
Paraguay,PRY,2015,0.452
Paraguay,PRY,2016,0.44
Paraguay,PRY,2017,0.441
Paraguay,PRY,2018,0.44
Paraguay,PRY,2019,0.436
Paraguay,PRY,2020,0.435
Paraguay,PRY,2021,0.432
Paraguay,PRY,2022,0.431
Paraguay,PRY,2023,0.412
Peru,PER,2015,0.391
Peru,PER,2016,0.37
Peru,PER,2017,0.365
Peru,PER,2018,0.365
Peru,PER,2019,0.367
Peru,PER,2020,0.373
Peru,PER,2021,0.342
Peru,PER,2022,0.341
Peru,PER,2023,0.34
Philippines,PHL,2015,0.403
Philippines,PHL,2016,0.394
Philippines,PHL,2017,0.391
Philippines,PHL,2018,0.381
Philippines,PHL,2019,0.371
Philippines,PHL,2020,0.362
Philippines,PHL,2021,0.356
Philippines,PHL,2022,0.352
Philippines,PHL,2023,0.351
Poland,POL,2015,0.133
Poland,POL,2016,0.131
Poland,POL,2017,0.125
Poland,POL,2018,0.119
Poland,POL,2019,0.108
Poland,POL,2020,0.099
Poland,POL,2021,0.087
Poland,POL,2022,0.08
Poland,POL,2023,0.081
Portugal,PRT,2015,0.083
Portugal,PRT,2016,0.081
Portugal,PRT,2017,0.083
Portugal,PRT,2018,0.08
Portugal,PRT,2019,0.077
Portugal,PRT,2020,0.071
Portugal,PRT,2021,0.062
Portugal,PRT,2022,0.073
Portugal,PRT,2023,0.076
Qatar,QAT,2015,0.657
Qatar,QAT,2016,0.649
Qatar,QAT,2017,0.175
Qatar,QAT,2018,0.168
Qatar,QAT,2019,0.162
Qatar,QAT,2020,0.152
Qatar,QAT,2021,0.19
Qatar,QAT,2022,0.195
Qatar,QAT,2023,0.195
Romania,ROU,2015,0.29
Romania,ROU,2016,0.297
Romania,ROU,2017,0.252
Romania,ROU,2018,0.241
Romania,ROU,2019,0.228
Romania,ROU,2020,0.223
Romania,ROU,2021,0.229
Romania,ROU,2022,0.226
Romania,ROU,2023,0.227
Russia,RUS,2015,0.206
Russia,RUS,2016,0.196
Russia,RUS,2017,0.179
Russia,RUS,2018,0.169
Russia,RUS,2019,0.16
Russia,RUS,2020,0.181
Russia,RUS,2021,0.179
Russia,RUS,2022,0.171
Russia,RUS,2023,0.169
Rwanda,RWA,2015,0.42
Rwanda,RWA,2016,0.413
Rwanda,RWA,2017,0.41
Rwanda,RWA,2018,0.411
Rwanda,RWA,2019,0.408
Rwanda,RWA,2020,0.398
Rwanda,RWA,2021,0.397
Rwanda,RWA,2022,0.398
Rwanda,RWA,2023,0.394
Saint Lucia,LCA,2015,0.362
Saint Lucia,LCA,2016,0.342
Saint Lucia,LCA,2017,0.338
Saint Lucia,LCA,2018,0.332
Saint Lucia,LCA,2019,0.338
Saint Lucia,LCA,2020,0.338
Saint Lucia,LCA,2021,0.328
Saint Lucia,LCA,2022,0.329
Saint Lucia,LCA,2023,0.327
Samoa,WSM,2019,0.438
Samoa,WSM,2020,0.429
Samoa,WSM,2021,0.444
Samoa,WSM,2022,0.416
Samoa,WSM,2023,0.416
Sao Tome and Principe,STP,2015,0.502
Sao Tome and Principe,STP,2016,0.506
Sao Tome and Principe,STP,2017,0.491
Sao Tome and Principe,STP,2018,0.503
Sao Tome and Principe,STP,2019,0.497
Sao Tome and Principe,STP,2020,0.47
Sao Tome and Principe,STP,2021,0.468
Sao Tome and Principe,STP,2022,0.493
Sao Tome and Principe,STP,2023,0.492
Saudi Arabia,SAU,2015,0.301
Saudi Arabia,SAU,2016,0.297
Saudi Arabia,SAU,2017,0.309
Saudi Arabia,SAU,2018,0.298
Saudi Arabia,SAU,2019,0.283
Saudi Arabia,SAU,2020,0.245
Saudi Arabia,SAU,2021,0.22
Saudi Arabia,SAU,2022,0.219
Saudi Arabia,SAU,2023,0.228
Senegal,SEN,2015,0.528
Senegal,SEN,2016,0.51
Senegal,SEN,2017,0.519
Senegal,SEN,2018,0.508
Senegal,SEN,2019,0.506
Senegal,SEN,2020,0.501
Senegal,SEN,2021,0.497
Senegal,SEN,2022,0.493
Senegal,SEN,2023,0.49
Serbia,SRB,2015,0.155
Serbia,SRB,2016,0.145
Serbia,SRB,2017,0.139
Serbia,SRB,2018,0.132
Serbia,SRB,2019,0.118
Serbia,SRB,2020,0.113
Serbia,SRB,2021,0.113
Serbia,SRB,2022,0.116
Serbia,SRB,2023,0.117
Sierra Leone,SLE,2015,0.632
Sierra Leone,SLE,2016,0.622
Sierra Leone,SLE,2017,0.622
Sierra Leone,SLE,2018,0.615
Sierra Leone,SLE,2019,0.612
Sierra Leone,SLE,2020,0.613
Sierra Leone,SLE,2021,0.612
Sierra Leone,SLE,2022,0.611
Sierra Leone,SLE,2023,0.566
Singapore,SGP,2015,0.05
Singapore,SGP,2016,0.048
Singapore,SGP,2017,0.049
Singapore,SGP,2018,0.049
Singapore,SGP,2019,0.047
Singapore,SGP,2020,0.034
Singapore,SGP,2021,0.03
Singapore,SGP,2022,0.032
Singapore,SGP,2023,0.031
Slovakia,SVK,2015,0.191
Slovakia,SVK,2016,0.192
Slovakia,SVK,2017,0.194
Slovakia,SVK,2018,0.194
Slovakia,SVK,2019,0.193
Slovakia,SVK,2020,0.183
Slovakia,SVK,2021,0.178
Slovakia,SVK,2022,0.178
Slovakia,SVK,2023,0.176
Slovenia,SVN,2015,0.062
Slovenia,SVN,2016,0.057
Slovenia,SVN,2017,0.053
Slovenia,SVN,2018,0.072
Slovenia,SVN,2019,0.069
Slovenia,SVN,2020,0.066
Slovenia,SVN,2021,0.064
Slovenia,SVN,2022,0.04
Slovenia,SVN,2023,0.042
Solomon Islands,SLB,2015,0.578
Solomon Islands,SLB,2016,0.574
Solomon Islands,SLB,2017,0.573
Solomon Islands,SLB,2018,0.568
Solomon Islands,SLB,2019,0.525
Solomon Islands,SLB,2020,0.495
Solomon Islands,SLB,2021,0.481
Solomon Islands,SLB,2022,0.479
Solomon Islands,SLB,2023,0.478
Somalia,SOM,2022,0.676
Somalia,SOM,2023,0.675
South Africa,ZAF,2015,0.425
South Africa,ZAF,2016,0.411
South Africa,ZAF,2017,0.406
South Africa,ZAF,2018,0.395
South Africa,ZAF,2019,0.395
South Africa,ZAF,2020,0.391
South Africa,ZAF,2021,0.392
South Africa,ZAF,2022,0.391
South Africa,ZAF,2023,0.388
South America,OWID_SAM,2015,0.41426274
South America,OWID_SAM,2016,0.40951014
South America,OWID_SAM,2017,0.40071976
South America,OWID_SAM,2018,0.38639137
South America,OWID_SAM,2019,0.38178578
South America,OWID_SAM,2020,0.3902702
South America,OWID_SAM,2021,0.37978095
South America,OWID_SAM,2022,0.36789674
South America,OWID_SAM,2023,0.36665115
South Asia (UNDP),,2015,0.521
South Asia (UNDP),,2016,0.514
South Asia (UNDP),,2017,0.512
South Asia (UNDP),,2018,0.513
South Asia (UNDP),,2019,0.5
South Asia (UNDP),,2020,0.483
South Asia (UNDP),,2021,0.479
South Asia (UNDP),,2022,0.474
South Asia (UNDP),,2023,0.458
South Korea,KOR,2015,0.067
South Korea,KOR,2016,0.061
South Korea,KOR,2017,0.054
South Korea,KOR,2018,0.055
South Korea,KOR,2019,0.051
South Korea,KOR,2020,0.042
South Korea,KOR,2021,0.04
South Korea,KOR,2022,0.04
South Korea,KOR,2023,0.038
Spain,ESP,2015,0.074
Spain,ESP,2016,0.07
Spain,ESP,2017,0.067
Spain,ESP,2018,0.062
Spain,ESP,2019,0.055
Spain,ESP,2020,0.049
Spain,ESP,2021,0.043
Spain,ESP,2022,0.045
Spain,ESP,2023,0.043
Sri Lanka,LKA,2015,0.378
Sri Lanka,LKA,2016,0.363
Sri Lanka,LKA,2017,0.361
Sri Lanka,LKA,2018,0.365
Sri Lanka,LKA,2019,0.367
Sri Lanka,LKA,2020,0.368
Sri Lanka,LKA,2021,0.37
Sri Lanka,LKA,2022,0.367
Sri Lanka,LKA,2023,0.367
Sub-Saharan Africa (UNDP),,2015,0.585
Sub-Saharan Africa (UNDP),,2016,0.583
Sub-Saharan Africa (UNDP),,2017,0.579
Sub-Saharan Africa (UNDP),,2018,0.577
Sub-Saharan Africa (UNDP),,2019,0.575
Sub-Saharan Africa (UNDP),,2020,0.568
Sub-Saharan Africa (UNDP),,2021,0.563
Sub-Saharan Africa (UNDP),,2022,0.561
Sub-Saharan Africa (UNDP),,2023,0.558
Sudan,SDN,2015,0.577
Sudan,SDN,2016,0.579
Sudan,SDN,2017,0.578
Sudan,SDN,2018,0.583
Sudan,SDN,2019,0.589
Sudan,SDN,2020,0.589
Sudan,SDN,2021,0.596
Sudan,SDN,2022,0.589
Sudan,SDN,2023,0.588
Suriname,SUR,2015,0.442
Suriname,SUR,2016,0.425
Suriname,SUR,2017,0.417
Suriname,SUR,2018,0.412
Suriname,SUR,2019,0.4
Suriname,SUR,2020,0.399
Suriname,SUR,2021,0.394
Suriname,SUR,2022,0.392
Suriname,SUR,2023,0.391
Sweden,SWE,2015,0.038
Sweden,SWE,2016,0.036
Sweden,SWE,2017,0.034
Sweden,SWE,2018,0.029
Sweden,SWE,2019,0.022
Sweden,SWE,2020,0.017
Sweden,SWE,2021,0.013
Sweden,SWE,2022,0.009
Sweden,SWE,2023,0.007
Switzerland,CHE,2015,0.038
Switzerland,CHE,2016,0.038
Switzerland,CHE,2017,0.034
Switzerland,CHE,2018,0.031
Switzerland,CHE,2019,0.016
Switzerland,CHE,2020,0.012
Switzerland,CHE,2021,0.009
Switzerland,CHE,2022,0.008
Switzerland,CHE,2023,0.01
Syria,SYR,2015,0.484
Syria,SYR,2016,0.477
Syria,SYR,2017,0.483
Syria,SYR,2018,0.488
Syria,SYR,2019,0.49
Syria,SYR,2020,0.491
Syria,SYR,2021,0.49
Syria,SYR,2022,0.489
Syria,SYR,2023,0.49
Tajikistan,TJK,2015,0.335
Tajikistan,TJK,2016,0.305
Tajikistan,TJK,2017,0.289
Tajikistan,TJK,2018,0.293
Tajikistan,TJK,2019,0.292
Tajikistan,TJK,2020,0.279
Tajikistan,TJK,2021,0.275
Tajikistan,TJK,2022,0.262
Tajikistan,TJK,2023,0.258
Tanzania,TZA,2015,0.536
Tanzania,TZA,2016,0.528
Tanzania,TZA,2017,0.523
Tanzania,TZA,2018,0.518
Tanzania,TZA,2019,0.516
Tanzania,TZA,2020,0.508
Tanzania,TZA,2021,0.507
Tanzania,TZA,2022,0.506
Tanzania,TZA,2023,0.504
Thailand,THA,2015,0.403
Thailand,THA,2016,0.394
Thailand,THA,2017,0.4
Thailand,THA,2018,0.385
Thailand,THA,2019,0.31
Thailand,THA,2020,0.307
Thailand,THA,2021,0.301
Thailand,THA,2022,0.298
Thailand,THA,2023,0.288
Togo,TGO,2015,0.582
Togo,TGO,2016,0.586
Togo,TGO,2017,0.589
Togo,TGO,2018,0.587
Togo,TGO,2019,0.585
Togo,TGO,2020,0.573
Togo,TGO,2021,0.569
Togo,TGO,2022,0.568
Togo,TGO,2023,0.564
Tonga,TON,2015,0.77
Tonga,TON,2016,0.769
Tonga,TON,2017,0.426
Tonga,TON,2018,0.425
Tonga,TON,2019,0.45
Tonga,TON,2020,0.446
Tonga,TON,2021,0.774
Tonga,TON,2022,0.483
Tonga,TON,2023,0.444
Trinidad and Tobago,TTO,2015,0.288
Trinidad and Tobago,TTO,2016,0.281
Trinidad and Tobago,TTO,2017,0.28
Trinidad and Tobago,TTO,2018,0.277
Trinidad and Tobago,TTO,2019,0.267
Trinidad and Tobago,TTO,2020,0.267
Trinidad and Tobago,TTO,2021,0.266
Trinidad and Tobago,TTO,2022,0.263
Trinidad and Tobago,TTO,2023,0.262
Tunisia,TUN,2015,0.265
Tunisia,TUN,2016,0.252
Tunisia,TUN,2017,0.245
Tunisia,TUN,2018,0.236
Tunisia,TUN,2019,0.253
Tunisia,TUN,2020,0.227
Tunisia,TUN,2021,0.206
Tunisia,TUN,2022,0.206
Tunisia,TUN,2023,0.238
Turkey,TUR,2015,0.332
Turkey,TUR,2016,0.324
Turkey,TUR,2017,0.305
Turkey,TUR,2018,0.281
Turkey,TUR,2019,0.27
Turkey,TUR,2020,0.266
Turkey,TUR,2021,0.253
Turkey,TUR,2022,0.24
Turkey,TUR,2023,0.227
Uganda,UGA,2015,0.539
Uganda,UGA,2016,0.534
Uganda,UGA,2017,0.535
Uganda,UGA,2018,0.528
Uganda,UGA,2019,0.528
Uganda,UGA,2020,0.525
Uganda,UGA,2021,0.525
Uganda,UGA,2022,0.525
Uganda,UGA,2023,0.524
United Arab Emirates,ARE,2015,0.114
United Arab Emirates,ARE,2016,0.104
United Arab Emirates,ARE,2017,0.101
United Arab Emirates,ARE,2018,0.093
United Arab Emirates,ARE,2019,0.039
United Arab Emirates,ARE,2020,0.03
United Arab Emirates,ARE,2021,0.035
United Arab Emirates,ARE,2022,0.035
United Arab Emirates,ARE,2023,0.04
United Kingdom,GBR,2015,0.129
United Kingdom,GBR,2016,0.124
United Kingdom,GBR,2017,0.116
United Kingdom,GBR,2018,0.111
United Kingdom,GBR,2019,0.105
United Kingdom,GBR,2020,0.094
United Kingdom,GBR,2021,0.084
United Kingdom,GBR,2022,0.083
United Kingdom,GBR,2023,0.083
United States,USA,2015,0.217
United States,USA,2016,0.214
United States,USA,2017,0.21
United States,USA,2018,0.195
United States,USA,2019,0.191
United States,USA,2020,0.181
United States,USA,2021,0.176
United States,USA,2022,0.173
United States,USA,2023,0.169
Upper-middle-income countries,OWID_UMC,2015,0.29954007
Upper-middle-income countries,OWID_UMC,2016,0.289975
Upper-middle-income countries,OWID_UMC,2017,0.28117272
Upper-middle-income countries,OWID_UMC,2018,0.2669251
Upper-middle-income countries,OWID_UMC,2019,0.26174805
Upper-middle-income countries,OWID_UMC,2020,0.26041153
Upper-middle-income countries,OWID_UMC,2021,0.25480974
Upper-middle-income countries,OWID_UMC,2022,0.24924354
Upper-middle-income countries,OWID_UMC,2023,0.24630661
Uruguay,URY,2015,0.29
Uruguay,URY,2016,0.284
Uruguay,URY,2017,0.26
Uruguay,URY,2018,0.254
Uruguay,URY,2019,0.256
Uruguay,URY,2020,0.235
Uruguay,URY,2021,0.221
Uruguay,URY,2022,0.218
Uruguay,URY,2023,0.218
Uzbekistan,UZB,2015,0.276
Uzbekistan,UZB,2016,0.267
Uzbekistan,UZB,2017,0.259
Uzbekistan,UZB,2018,0.267
Uzbekistan,UZB,2019,0.269
Uzbekistan,UZB,2020,0.266
Uzbekistan,UZB,2021,0.293
Uzbekistan,UZB,2022,0.297
Uzbekistan,UZB,2023,0.291
Vanuatu,VUT,2015,0.799
Vanuatu,VUT,2016,0.8
Vanuatu,VUT,2017,0.799
Vanuatu,VUT,2018,0.799
Vanuatu,VUT,2019,0.797
Vanuatu,VUT,2020,0.796
Vanuatu,VUT,2021,0.795
Vanuatu,VUT,2022,0.562
Vanuatu,VUT,2023,0.556
Venezuela,VEN,2015,0.492
Venezuela,VEN,2016,0.509
Venezuela,VEN,2017,0.489
Venezuela,VEN,2018,0.488
Venezuela,VEN,2019,0.487
Venezuela,VEN,2020,0.513
Venezuela,VEN,2021,0.512
Venezuela,VEN,2022,0.512
Venezuela,VEN,2023,0.512
Very high human development (UNDP),,2015,0.175
Very high human development (UNDP),,2016,0.169
Very high human development (UNDP),,2017,0.159
Very high human development (UNDP),,2018,0.151
Very high human development (UNDP),,2019,0.141
Very high human development (UNDP),,2020,0.138
Very high human development (UNDP),,2021,0.13
Very high human development (UNDP),,2022,0.126
Very high human development (UNDP),,2023,0.125
Vietnam,VNM,2015,0.339
Vietnam,VNM,2016,0.327
Vietnam,VNM,2017,0.325
Vietnam,VNM,2018,0.32
Vietnam,VNM,2019,0.318
Vietnam,VNM,2020,0.312
Vietnam,VNM,2021,0.302
Vietnam,VNM,2022,0.3
Vietnam,VNM,2023,0.299
World,OWID_WRL,2015,0.48
World,OWID_WRL,2016,0.475
World,OWID_WRL,2017,0.471
World,OWID_WRL,2018,0.467
World,OWID_WRL,2019,0.464
World,OWID_WRL,2020,0.459
World,OWID_WRL,2021,0.458
World,OWID_WRL,2022,0.457
World,OWID_WRL,2023,0.455
Yemen,YEM,2015,0.824
Yemen,YEM,2016,0.824
Yemen,YEM,2017,0.825
Yemen,YEM,2018,0.825
Yemen,YEM,2019,0.809
Yemen,YEM,2020,0.808
Yemen,YEM,2021,0.839
Yemen,YEM,2022,0.839
Yemen,YEM,2023,0.838
Zambia,ZMB,2015,0.561
Zambia,ZMB,2016,0.536
Zambia,ZMB,2017,0.534
Zambia,ZMB,2018,0.529
Zambia,ZMB,2019,0.521
Zambia,ZMB,2020,0.523
Zambia,ZMB,2021,0.526
Zambia,ZMB,2022,0.525
Zambia,ZMB,2023,0.524
Zimbabwe,ZWE,2015,0.533
Zimbabwe,ZWE,2016,0.529
Zimbabwe,ZWE,2017,0.52
Zimbabwe,ZWE,2018,0.52
Zimbabwe,ZWE,2019,0.525
Zimbabwe,ZWE,2020,0.519
Zimbabwe,ZWE,2021,0.519
Zimbabwe,ZWE,2022,0.52
Zimbabwe,ZWE,2023,0.519
